Workbook

Sheet MATERIALES
A1: id | B1: Jquía.productos | C1: Material | D1: Texto breve de material
A2: 1 | B2: 010200241700001 | C2: 152445 | D2: ACETILSALICILICO ACIDO 100MG COMP
A3: 2 | B3: 010200241700001 | C3: 152446 | D3: NO USAR VALPROICO ACIDO 250MG COMP
A4: 3 | B4: 010200241700001 | C4: 152447 | D4: VALPROICO ACIDO 5% JBE X 120ML
A5: 4 | B5: 010200241700001 | C5: 152448 | D5: ACENOCUMAROL 4MG COMP
A6: 5 | B6: 010200241700001 | C6: 152449 | D6: FOLICO ACIDO 5MG COMP
A7: 6 | B7: 010200241700001 | C7: 152480 | D7: AGUA OXIGENADA 10 VOLUMENES FCO X L
A8: 7 | B8: 010200241700002 | C8: 152481 | D8: AGUJA DESC SC 25G X 5/8 (16/5)
A9: 8 | B9: 010200241700002 | C9: 152482 | D9: AGUJA DESC 21G (25/8) EV
A10: 9 | B10: 010200241700002 | C10: 152483 | D10: AGUJA DESC IM 21G X 1 1/2 (40/8)
A11: 10 | B11: 010200241700002 | C11: 152484 | D11: AGUJA DESC IM 21G X 2" (50/8)
A12: 11 | B12: 010200241700002 | C12: 152485 | D12: AGUJA P/INSULINA SC 13/4(27G X½)
A13: 12 | B13: 010200241700002 | C13: 152486 | D13: NO USAR - MATERIAL DUPLICADO
... A4424: 4423 | B4424: 010200241700001 | C4424: 498518 | D4424: KIT TREPROSTINIL 0.6MG/ML MIGUE RODRIGUE

Sheet MAESTRO_MATERIALES
A1: MATERIAL | B1: JERARQUIA | C1: IND TP ALM ENTRADA | D1: IND TP ALM SALIDA | E1: NOMBRE
A2: 476061 | B2: 0 | C2: 006 | D2: 006 | E2: =VLOOKUP(A2,MATERIALES!C:D,2,FALSE) -> TELA TUL 1.5M X 60 MTS
A3: 152445 | B3: 010200241700001 | C3: 001 | D3: 001 | E3: =VLOOKUP(A3,MATERIALES!C:D,2,FALSE) -> ACETILSALICILICO ACIDO 100MG COMP
A4: 152446 | B4: 010200241700001 | C4: 001 | D4: 001 | E4: =VLOOKUP(A4,MATERIALES!C:D,2,FALSE) -> NO USAR VALPROICO ACIDO 250MG COMP
A5: 152447 | B5: 010200241700001 | C5: 001 | D5: 001 | E5: =VLOOKUP(A5,MATERIALES!C:D,2,FALSE) -> VALPROICO ACIDO 5% JBE X 120ML
A6: 152448 | B6: 010200241700001 | C6: 001 | D6: 001 | E6: =VLOOKUP(A6,MATERIALES!C:D,2,FALSE) -> ACENOCUMAROL 4MG COMP
A7: 152449 | B7: 010200241700001 | C7: 001 | D7: 001 | E7: =VLOOKUP(A7,MATERIALES!C:D,2,FALSE) -> FOLICO ACIDO 5MG COMP
A8: 152480 | B8: 010200241700001 | C8: 001 | D8: 001 | E8: =VLOOKUP(A8,MATERIALES!C:D,2,FALSE) -> AGUA OXIGENADA 10 VOLUMENES FCO X L
A9: 152487 | B9: 010200241700001 | C9: 001 | D9: 001 | E9: =VLOOKUP(A9,MATERIALES!C:D,2,FALSE) -> BROMHEXINA 0,2% JBE X 120ML
A10: 152489 | B10: 010200241700001 | C10: 001 | D10: 001 | E10: =VLOOKUP(A10,MATERIALES!C:D,2,FALSE) -> ALCOHOL DE 96° FCO X 1L
A11: 152490 | B11: 010200241700001 | C11: 001 | D11: 001 | E11: =VLOOKUP(A11,MATERIALES!C:D,2,FALSE) -> ALENDRONATO 70MG COMP
A12: 152492 | B12: 010200241700001 | C12: 001 | D12: 001 | E12: =VLOOKUP(A12,MATERIALES!C:D,2,FALSE) -> ALLOPURINOL 300MG COMP
A13: 152494 | B13: 010200241700001 | C13: 001 | D13: 001 | E13: =VLOOKUP(A13,MATERIALES!C:D,2,FALSE) -> AMLODIPINA 5MG COMP
A14: 152495 | B14: 010200241700001 | C14: 001 | D14: 001 | E14: =VLOOKUP(A14,MATERIALES!C:D,2,FALSE) -> AMLODIPINA 10MG COMP
... A3280: 498589 | B3280: 010200241700006 | C3280: 032 | D3280: 032 | E3280: =VLOOKUP(A3280,MATERIALES!C:D,2,FALSE) -> #N/A

Sheet TP_ALMACEN
A1: N° Almacen | B1: Nombre
A2: 001 | B2: Amb. Med. Disp.
A3: 002 | B3: Amb. Med. Cua.
A4: 003 | B4: Amb. Med. Dev.
A5: 004 | B5: Amb. Med. Rech - N/C
A6: 005 | B6: Amb. Med. Recall
A7: 006 | B7: Amb. Prod. Méd. Disp.
A8: 007 | B8: Amb. Prod. Méd. Cua.
A9: 008 | B9: Amb. Prod. Méd. Dev.
A10: 009 | B10: Amb. Prod. Méd. Rech-N/C
A11: 010 | B11: Amb. Prod. Méd. Recall
A12: 011 | B12: Amb. Psico. Disp.
... A56: 999 | B56: Diferencias Inventario

Sheet JERARQUIA
A1: Jerarquia N° | B1: Nombre
A2: 010200241700001 | B2: MEDICAMENTOS
A3: 010200241700002 | B3: PRODUCTOS MEDICOS
A4: 010200241700003 | B4: REACTIVOS DE DIAGNOSTICO
A5: 010200241700004 | B5: PSICOTROPICOS
A6: 010200241700005 | B6: CONGELADOS
A7: 010200241700006 | B7: REFRIGERADOS 2º A 8º
A8: 010200241700007 | B8: INSUMOS
A9: 010200241700008 | B9: Insumos químicos
A10: 010200241700009 | B10: Materiales de construcción
A11: 010200241700010 | B11: Equipamiento

Sheet MAPEO_POSICIONES
A1: Posición Desde | B1: Posición Hasta | C1: DESCRIPCIÓN | D1: ZONA
A2: AA.00.00 | B2: AJ.99.99 | C2: TEMP_AMBIENTE_RACK | D2: Z1
A3: BA.00.00 | B3: CF.99.99 | C3: TEMP_15_25_RACK | D3: Z2
A4: DA.01.10 | B4: DA.08.50 | C4: TEMP_15_25_EST_RD | D4: Z3
A5: DB.15.10 | B5: DB.22.60 | C5: TEMP_15_25_EST_RD | D5: Z3
A6: DA.09.00 | B6: DA.22.50 | C6: TEMP_15_25_EST_PSICO | D6: Z4
A7: DB.01.10 | B7: DB.14.50 | C7: TEMP_15_25_EST_PSICO | D7: Z4
A8: DC.01.10 | B8: DC.19.50 | C8: TEMP_15_25_EST_M | D8: Z5
A9: DD.04.10 | B9: DD.22.50 | C9: TEMP_15_25_EST_M | D9: Z5
A10: DC.20.00 | B10: DC.22.50 | C10: TEMP_15_25_EST_ALTOCOSTO | D10: Z6
A11: DD.01.10 | B11: DD.03.50 | C11: TEMP_15_25_EST_ALTOCOSTO | D11: Z6
A12: GA.00.00 | B12: GH.06.53 | C12: TEMP_2_8_EST | D12: Z7
A13: HA.00.00 | B13: HA.99.99 | C13: TEMP_15_25_EST | D13: Z8
A14: DB.22.30 | C14: TEMP_15_25_EST_PSICO_RECH | D14: Z20
A15: DB.14.30 | C15: TEMP_15_25_EST_PSICO_CUARENTENA | D15: Z21
A16: DD.22.30 | C16: TEMP_15_25_EST_PM_CUARENTENA | D16: Z22
A17: DD.22.40 | C17: TEMP_15_25_EST_PM_RECH | D17: Z23
A18: DA.01.40 | C18: TEMP_15_25_EST_RD_RECH | D18: Z23
A19: DB.22.10 | C19: TEMP_15_25_EST_PM_RECALL | D19: Z24
A20: DB.14.20 | C20: TEMP_15_25_EST_PSICO_DEV | D20: Z25
A21: DD.22.30 | C21: TEMP_15_25_EST_M_CUARENTENA | D21: Z26
A22: DD.22.40 | C22: TEMP_15_25_EST_M_RECH | D22: Z27
A23: GA.01.40 | C23: TEMP_2_8_EST_M_CUARENTENA | D23: Z28
A24: GA.02.20 | C24: TEMP_2_8_EST_M_CUARENTENA | D24: Z28
A25: GA.01.50 | C25: TEMP_2_8_EST_M_DEV | D25: Z29
... A27: GA.02.10 | C27: TEMP_2_8_EST_M_RECH | D27: Z30
A28: GB.01.10 | B28: GB.10.50 | C28: TEMP_2_8_EST_PSICO | D28: Z9
A29: GC.01.10 | B29: GC.10.50 | C29: TEMP_2_8_EST_RD | D29: Z10

Sheet COMBINACIONES
A1: TP_ALMACEN | B1: NOMBRE_ALMACEN | C1: JERRARQUIA | D1: JERARQUIA | E1: MAPEO_POSICIONES
A2: 001 | B2: =VLOOKUP(A2,TP_ALMACEN!A:B,2,FALSE) -> Amb. Med. Disp. | C2: 010200241700001 | D2: =VLOOKUP(C2,JERARQUIA!A:B,2,FALSE) -> MEDICAMENTOS | E2: Z2,Z5,Z8
A3: 011 | B3: =VLOOKUP(A3,TP_ALMACEN!A:B,2,FALSE) -> Amb. Psico. Disp. | C3: 010200241700001 | D3: =VLOOKUP(C3,JERARQUIA!A:B,2,FALSE) -> MEDICAMENTOS | E3: Z4
A4: 016 | B4: =VLOOKUP(A4,TP_ALMACEN!A:B,2,FALSE) -> Amb. Reac. Diag. Disp. | C4: 010200241700001 | D4: =VLOOKUP(C4,JERARQUIA!A:B,2,FALSE) -> MEDICAMENTOS | E4: Z2,Z3,Z8
A5: 021 | B5: =VLOOKUP(A5,TP_ALMACEN!A:B,2,FALSE) -> Amb. Insumos Disp. | C5: 010200241700001 | D5: =VLOOKUP(C5,JERARQUIA!A:B,2,FALSE) -> MEDICAMENTOS | E5: Z6
A6: 027 | B6: =VLOOKUP(A6,TP_ALMACEN!A:B,2,FALSE) -> Cám. Psico. Disp. | C6: 010200241700001 | D6: =VLOOKUP(C6,JERARQUIA!A:B,2,FALSE) -> MEDICAMENTOS | E6: Z9
A7: 032 | B7: =VLOOKUP(A7,TP_ALMACEN!A:B,2,FALSE) -> Cám. Reac. Diag. Disp. | C7: 010200241700001 | D7: =VLOOKUP(C7,JERARQUIA!A:B,2,FALSE) -> MEDICAMENTOS | E7: Z10
A8: 038 | B8: =VLOOKUP(A8,TP_ALMACEN!A:B,2,FALSE) -> Almacen General | C8: 010200241700001 | D8: =VLOOKUP(C8,JERARQUIA!A:B,2,FALSE) -> MEDICAMENTOS | E8: Z2
A9: 001 | B9: =VLOOKUP(A9,TP_ALMACEN!A:B,2,FALSE) -> Amb. Med. Disp. | C9: 010200241700002 | D9: =VLOOKUP(C9,JERARQUIA!A:B,2,FALSE) -> PRODUCTOS MEDICOS | E9: Z2,Z8
A10: 006 | B10: =VLOOKUP(A10,TP_ALMACEN!A:B,2,FALSE) -> Amb. Prod. Méd. Disp. | C10: 010200241700002 | D10: =VLOOKUP(C10,JERARQUIA!A:B,2,FALSE) -> PRODUCTOS MEDICOS | E10: Z2,Z8
A11: 016 | B11: =VLOOKUP(A11,TP_ALMACEN!A:B,2,FALSE) -> Amb. Reac. Diag. Disp. | C11: 010200241700002 | D11: =VLOOKUP(C11,JERARQUIA!A:B,2,FALSE) -> PRODUCTOS MEDICOS | E11: Z2,Z8
A12: 021 | B12: =VLOOKUP(A12,TP_ALMACEN!A:B,2,FALSE) -> Amb. Insumos Disp. | C12: 010200241700002 | D12: =VLOOKUP(C12,JERARQUIA!A:B,2,FALSE) -> PRODUCTOS MEDICOS | E12: Z6
A13: 038 | B13: =VLOOKUP(A13,TP_ALMACEN!A:B,2,FALSE) -> Almacen General | C13: 010200241700002 | D13: =VLOOKUP(C13,JERARQUIA!A:B,2,FALSE) -> PRODUCTOS MEDICOS | E13: Z1,Z2,Z8
... A26: 032 | B26: =VLOOKUP(A26,TP_ALMACEN!A:B,2,FALSE) -> Cám. Reac. Diag. Disp. | C26: 010200241700006 | D26: =VLOOKUP(C26,JERARQUIA!A:B,2,FALSE) -> REFRIGERADOS 2º A 8º | E26: Z7,Z10
